{
  "precision": 0.710123848440519,
  "recall": 0.7757575757575756,
  "fscore": 0.7015509997310833,
  "TNR": 0.986017211625807,
  "NPV": 0.9923837218095487,
  "FNR": 0.22424242424242424,
  "FDR": 0.289876151559481,
  "FOR": 0.0076162781904512275,
  "TS": 0.5953560404908929,
  "PT": 0.08549404531848713,
  "FPR": 0.013982788374192926,
  "ACC": 0.9790764436109102,
  "MCC": 0.7160617814087421,
  "MK": 0.7025075702500678,
  "BM": 0.7617747873833828,
  "FM": 0.7252969643862494,
  "ci_precision": 0.1043971568866735,
  "ci_recall": 0.07678532138730043,
  "ci_fscore": 0.09181521629852474,
  "ci_TNR": 0.006094597797456691,
  "ci_NPV": 0.002594285737293034,
  "ci_FNR": 0.07678532138730038,
  "ci_FDR": 0.10439715688667353,
  "ci_FOR": 0.002594285737293085,
  "ci_TS": 0.09775656531913784,
  "ci_PT": 0.03103467279011614,
  "ci_FPR": 0.006094597797456639,
  "ci_ACC": 0.0069664059175981174,
  "ci_MCC": 0.08048587880569713,
  "ci_MK": 0.10502510983808133,
  "ci_BM": 0.07922889564125402,
  "ci_FM": 0.07743268342506726
}