{"BGP_testbed_10":{"avg_prec":0.358052049,"avg_rec":0.6545454545,"avg_fscore":0.3917337177,"avg_TNR":0.9645053664,"avg_NPV":0.9895335918,"avg_FNR":0.3454545455,"avg_FDR":0.641947951,"avg_FOR":0.0104664082,"avg_TS":0.3039001403,"avg_PT":0.1914851534,"avg_FPR":0.0354946336,"avg_ACC":0.9555858479,"avg_MCC":0.4614778175,"avg_MK":0.3475856408,"avg_BM":0.6190508209,"avg_FM":0.4813182524,"ci_prec_low":0.0629978087,"ci_prec_high":0.0629978087,"ci_rec_low":0.1355777972,"ci_rec_high":0.1355777972,"ci_fscore_low":0.0680694294,"ci_fscore_high":0.0680694294,"ci_TNR_low":0.0070919456,"ci_TNR_high":0.0070919456,"ci_NPV_low":0.0040967942,"ci_NPV_high":0.0040967942,"ci_FNR_low":0.1355777972,"ci_FNR_high":0.1355777972,"ci_FDR_low":0.0629978087,"ci_FDR_high":0.0629978087,"ci_FOR_low":0.0040967942,"ci_FOR_high":0.0040967942,"ci_TS_low":0.0660868552,"ci_TS_high":0.0660868552,"ci_PT_low":0.0240817323,"ci_PT_high":0.0240817323,"ci_FPR_low":0.0070919456,"ci_FPR_high":0.0070919456,"ci_ACC_low":0.0079365073,"ci_ACC_high":0.0079365073,"ci_MCC_low":0.0891355381,"ci_MCC_high":0.0891355381,"ci_MK_low":0.0659764785,"ci_MK_high":0.0659764785,"ci_BM_low":0.1358146861,"ci_BM_high":0.1358146861,"ci_FM_low":0.0855069979,"ci_FM_high":0.0855069979},"BGP_testbed_2":{"avg_prec":0.987012987,"avg_rec":0.8961038961,"avg_fscore":0.9647473196,"avg_TNR":0.999668215,"avg_NPV":0.9973849555,"avg_FNR":0.1038961039,"avg_FDR":0.012987013,"avg_FOR":0.0026150445,"avg_TS":0.8863636364,"avg_PT":0.005568687,"avg_FPR":0.000331785,"avg_ACC":0.9971133107,"avg_MCC":0.9372908681,"avg_MK":0.9843979426,"avg_BM":0.8957721111,"avg_FM":0.9386283333,"ci_prec_low":0.0289368682,"ci_prec_high":0.0289368682,"ci_rec_low":0.0754581203,"ci_rec_high":0.0754581203,"ci_fscore_low":0.0306639348,"ci_fscore_high":0.0306639348,"ci_TNR_low":0.0007392631,"ci_TNR_high":0.0007392631,"ci_NPV_low":0.0018976656,"ci_NPV_high":0.0018976656,"ci_FNR_low":0.0754581203,"ci_FNR_high":0.0754581203,"ci_FDR_low":0.0289368682,"ci_FDR_high":0.0289368682,"ci_FOR_low":0.0018976656,"ci_FOR_high":0.0018976656,"ci_TS_low":0.0808810055,"ci_TS_high":0.0808810055,"ci_PT_low":0.0124078078,"ci_PT_high":0.0124078078,"ci_FPR_low":0.0007392631,"ci_FPR_high":0.0007392631,"ci_ACC_low":0.0020758331,"ci_ACC_high":0.0020758331,"ci_MCC_low":0.0452256738,"ci_MCC_high":0.0452256738,"ci_MK_low":0.0292281473,"ci_MK_high":0.0292281473,"ci_BM_low":0.0755467379,"ci_BM_high":0.0755467379,"ci_FM_low":0.0442779051,"ci_FM_high":0.0442779051},"BGP_testbed_3":{"avg_prec":0.9898989899,"avg_rec":0.8863636364,"avg_fscore":0.9645890725,"avg_TNR":0.9995265152,"avg_NPV":0.9953064804,"avg_FNR":0.1136363636,"avg_FDR":0.0101010101,"avg_FOR":0.0046935196,"avg_TS":0.8762626263,"avg_PT":0.0061191844,"avg_FPR":0.0004734848,"avg_ACC":0.9950020348,"avg_MCC":0.932451335,"avg_MK":0.9852054703,"avg_BM":0.8858901515,"avg_FM":0.9347766036,"ci_prec_low":0.0225064531,"ci_prec_high":0.0225064531,"ci_rec_low":0.0698017604,"ci_rec_high":0.0698017604,"ci_fscore_low":0.0204613709,"ci_fscore_high":0.0204613709,"ci_TNR_low":0.00105499,"ci_TNR_high":0.00105499,"ci_NPV_low":0.0028835872,"ci_NPV_high":0.0028835872,"ci_FNR_low":0.0698017604,"ci_FNR_high":0.0698017604,"ci_FDR_low":0.0225064531,"ci_FDR_high":0.0225064531,"ci_FOR_low":0.0028835872,"ci_FOR_high":0.0028835872,"ci_TS_low":0.0651084496,"ci_TS_high":0.0651084496,"ci_PT_low":0.0136343925,"ci_PT_high":0.0136343925,"ci_FPR_low":0.00105499,"ci_FPR_high":0.00105499,"ci_ACC_low":0.002606515,"ci_ACC_high":0.002606515,"ci_MCC_low":0.0360759087,"ci_MCC_high":0.0360759087,"ci_MK_low":0.021628265,"ci_MK_high":0.021628265,"ci_BM_low":0.0694260367,"ci_BM_high":0.0694260367,"ci_FM_low":0.0349137884,"ci_FM_high":0.0349137884},"BGP_testbed_5":{"avg_prec":0.8541376782,"avg_rec":1.0,"avg_fscore":0.8738344988,"avg_TNR":0.9970214193,"avg_NPV":1.0,"avg_FNR":0.0,"avg_FDR":0.1458623218,"avg_FOR":0.0,"avg_TS":0.8541376782,"avg_PT":0.0339308149,"avg_FPR":0.0029785807,"avg_ACC":0.9970575725,"avg_MCC":0.917099146,"avg_MK":0.8541376782,"avg_BM":0.9970214193,"avg_FM":0.9182512113,"ci_prec_low":0.1277802254,"ci_prec_high":0.1277802254,"ci_rec_low":0.0,"ci_rec_high":0.0,"ci_fscore_low":0.1126124014,"ci_fscore_high":0.1126124014,"ci_TNR_low":0.0029539879,"ci_TNR_high":0.0029539879,"ci_NPV_low":0.0,"ci_NPV_high":0.0,"ci_FNR_low":0.0,"ci_FNR_high":0.0,"ci_FDR_low":0.1277802254,"ci_FDR_high":0.1277802254,"ci_FOR_low":0.0,"ci_FOR_high":0.0,"ci_TS_low":0.1277802254,"ci_TS_high":0.1277802254,"ci_PT_low":0.0259216692,"ci_PT_high":0.0259216692,"ci_FPR_low":0.0029539879,"ci_FPR_high":0.0029539879,"ci_ACC_low":0.0029181795,"ci_ACC_high":0.0029181795,"ci_MCC_low":0.0748137385,"ci_MCC_high":0.0748137385,"ci_MK_low":0.1277802254,"ci_MK_high":0.1277802254,"ci_BM_low":0.0029539879,"ci_BM_high":0.0029539879,"ci_FM_low":0.0737389118,"ci_FM_high":0.0737389118},"BGP_testbed_9":{"avg_prec":0.9181818182,"avg_rec":0.6727272727,"avg_fscore":0.8390847827,"avg_TNR":0.9965248492,"avg_NPV":0.9876175736,"avg_FNR":0.3272727273,"avg_FDR":0.0818181818,"avg_FOR":0.0123824264,"avg_TS":0.628030303,"avg_PT":0.0310661676,"avg_FPR":0.0034751508,"avg_ACC":0.9845859105,"avg_MCC":0.7696083808,"avg_MK":0.9057993918,"avg_BM":0.6692521219,"avg_FM":0.7763214295,"ci_prec_low":0.1075657774,"ci_prec_high":0.1075657774,"ci_rec_low":0.1087040713,"ci_rec_high":0.1087040713,"ci_fscore_low":0.0879751804,"ci_fscore_high":0.0879751804,"ci_TNR_low":0.004793182,"ci_TNR_high":0.004793182,"ci_NPV_low":0.0040518617,"ci_NPV_high":0.0040518617,"ci_FNR_low":0.1087040713,"ci_FNR_high":0.1087040713,"ci_FDR_low":0.1075657774,"ci_FDR_high":0.1075657774,"ci_FOR_low":0.0040518617,"ci_FOR_high":0.0040518617,"ci_TS_low":0.114576692,"ci_TS_high":0.114576692,"ci_PT_low":0.0379968672,"ci_PT_high":0.0379968672,"ci_FPR_low":0.004793182,"ci_FPR_high":0.004793182,"ci_ACC_low":0.0060354964,"ci_ACC_high":0.0060354964,"ci_MCC_low":0.0848764264,"ci_MCC_high":0.0848764264,"ci_MK_low":0.1074798058,"ci_MK_high":0.1074798058,"ci_BM_low":0.1086913924,"ci_BM_high":0.1086913924,"ci_FM_low":0.0824371464,"ci_FM_high":0.0824371464}}