{
  "precision": 0.9884559884559885,
  "recall": 0.8912337662337663,
  "fscore": 0.9646681960648237,
  "TNR": 0.9995973650740987,
  "NPV": 0.9963457179636869,
  "FNR": 0.10876623376623375,
  "FDR": 0.011544011544011544,
  "FOR": 0.003654282036313118,
  "TS": 0.8813131313131314,
  "PT": 0.005843935704333615,
  "FPR": 0.00040263492590134927,
  "ACC": 0.9960576727459827,
  "MCC": 0.9348711015868519,
  "MK": 0.9848017064196752,
  "BM": 0.8908311313078648,
  "FM": 0.9367024684375846,
  "ci_precision": 0.016708224896280877,
  "ci_recall": 0.0468661137942179,
  "ci_fscore": 0.016788723344705048,
  "ci_TNR": 0.0005875670469533967,
  "ci_NPV": 0.0016413326908540915,
  "ci_FNR": 0.046866113794217866,
  "ci_FDR": 0.016708224896280814,
  "ci_FOR": 0.001641332690854085,
  "ci_TS": 0.04734256532346348,
  "ci_PT": 0.008396682419331137,
  "ci_FPR": 0.0005875670469534387,
  "ci_ACC": 0.0015913455438948398,
  "ci_MCC": 0.026369973341322406,
  "ci_MK": 0.016560331641629178,
  "ci_BM": 0.04678142124307694,
  "ci_FM": 0.025694901741986742
}