{
  "precision": 0.9594155844155844,
  "recall": 0.8482142857142857,
  "fscore": 0.9287917198474382,
  "TNR": 0.9984348145418196,
  "NPV": 0.9942640778358616,
  "FNR": 0.1517857142857143,
  "FDR": 0.040584415584415584,
  "FOR": 0.00573592216413836,
  "TS": 0.8152611277611278,
  "PT": 0.014899794366176933,
  "FPR": 0.0015651854581803502,
  "ACC": 0.9929082472222569,
  "MCC": 0.8944333229298518,
  "MK": 0.953679662251446,
  "BM": 0.8466491002561053,
  "FM": 0.8976268690927166,
  "ci_precision": 0.04984599099190845,
  "ci_recall": 0.052843987499842204,
  "ci_fscore": 0.04246891666087538,
  "ci_TNR": 0.0021192300883740023,
  "ci_NPV": 0.0022235239909504934,
  "ci_FNR": 0.05284398749984223,
  "ci_FDR": 0.04984599099190847,
  "ci_FOR": 0.0022235239909505463,
  "ci_TS": 0.0623544296131725,
  "ci_PT": 0.015678207684710767,
  "ci_FPR": 0.0021192300883739784,
  "ci_ACC": 0.0027536170107601565,
  "ci_MCC": 0.03853438774368101,
  "ci_MK": 0.04950208622263319,
  "ci_BM": 0.05272253339146149,
  "ci_FM": 0.03736834457180682
}