{
  "precision": 0.8791156212208845,
  "recall": 0.7595959595959597,
  "fscore": 0.8284489030478336,
  "TNR": 0.9961122659711759,
  "NPV": 0.9919372899633335,
  "FNR": 0.24040404040404043,
  "FDR": 0.12088437877911562,
  "FOR": 0.00806271003666656,
  "TS": 0.6773726273726275,
  "PT": 0.037286678266511,
  "FPR": 0.0038877340288241986,
  "ACC": 0.9883377821410751,
  "MCC": 0.7973085292951527,
  "MK": 0.8710529111842177,
  "BM": 0.7557082255671355,
  "FM": 0.8022363315762524,
  "ci_precision": 0.06477192657173181,
  "ci_recall": 0.07865219559635028,
  "ci_fscore": 0.057319823034722495,
  "ci_TNR": 0.0031536710812478663,
  "ci_NPV": 0.0028714139974369557,
  "ci_FNR": 0.07865219559635031,
  "ci_FDR": 0.06477192657173186,
  "ci_FOR": 0.0028714139974369826,
  "ci_TS": 0.07436319888807419,
  "ci_PT": 0.020184768761070185,
  "ci_FPR": 0.0031536710812478446,
  "ci_ACC": 0.004377203030532684,
  "ci_MCC": 0.058119973112024104,
  "ci_MK": 0.06465917216680328,
  "ci_BM": 0.07930512775728193,
  "ci_FM": 0.056380926360671935
}