{
  "precision": 0.8850757086051204,
  "recall": 0.7585858585858586,
  "fscore": 0.8321345182330799,
  "TNR": 0.9966579569070396,
  "NPV": 0.9918298052702004,
  "FNR": 0.24141414141414144,
  "FDR": 0.11492429139487964,
  "FOR": 0.008170194729799676,
  "TS": 0.6760054760054761,
  "PT": 0.03680545845969485,
  "FPR": 0.0033420430929603437,
  "ACC": 0.9887546637467837,
  "MCC": 0.799628170486826,
  "MK": 0.8769055138753207,
  "BM": 0.7552438154928982,
  "FM": 0.8043793013677912,
  "ci_precision": 0.056929565032528995,
  "ci_recall": 0.0785562638817725,
  "ci_fscore": 0.04920302513679342,
  "ci_TNR": 0.0021903269529456315,
  "ci_NPV": 0.0028442329689734036,
  "ci_FNR": 0.07855626388177248,
  "ci_FDR": 0.05692956503252899,
  "ci_FOR": 0.002844232968973433,
  "ci_TS": 0.06993121212384235,
  "ci_PT": 0.0177843851168396,
  "ci_FPR": 0.0021903269529455907,
  "ci_ACC": 0.003505501272148992,
  "ci_MCC": 0.05257603280945111,
  "ci_MK": 0.056516428714699196,
  "ci_BM": 0.07871492054862117,
  "ci_FM": 0.05120159818733727
}