{
  "precision": 0.9606700118063756,
  "recall": 0.8368506493506493,
  "fscore": 0.9266050139508392,
  "TNR": 0.9985316914304214,
  "NPV": 0.9938020242616254,
  "FNR": 0.16314935064935066,
  "FDR": 0.03932998819362455,
  "FOR": 0.006197975738374323,
  "TS": 0.8075396825396826,
  "PT": 0.015317602231569511,
  "FPR": 0.0014683085695784892,
  "ACC": 0.9925527432872621,
  "MCC": 0.8887546785221357,
  "MK": 0.954472036068001,
  "BM": 0.8353823407810708,
  "FM": 0.8921060411756492,
  "ci_precision": 0.04630208443641437,
  "ci_recall": 0.05931372901350973,
  "ci_fscore": 0.04072265114031226,
  "ci_TNR": 0.0018181870290080449,
  "ci_NPV": 0.0024995040746148556,
  "ci_FNR": 0.05931372901350972,
  "ci_FDR": 0.04630208443641433,
  "ci_FOR": 0.0024995040746148456,
  "ci_TS": 0.06845304531446539,
  "ci_PT": 0.01555112688162098,
  "ci_FPR": 0.0018181870290080579,
  "ci_ACC": 0.0028888090173899705,
  "ci_MCC": 0.04152820896372533,
  "ci_MK": 0.04616049246907106,
  "ci_BM": 0.059310925587433894,
  "ci_FM": 0.04028513412829515
}