{"BGP_testbed_10":{"avg_prec":1.0,"avg_rec":0.2363636364,"avg_fscore":0.5944055944,"avg_TNR":1.0,"avg_NPV":0.9779132857,"avg_FNR":0.7636363636,"avg_FDR":0.0,"avg_FOR":0.0220867143,"avg_TS":0.2363636364,"avg_PT":0.0,"avg_FPR":0.0,"avg_ACC":0.9780585495,"avg_MCC":0.4756314583,"avg_MK":0.9779132857,"avg_BM":0.2363636364,"avg_FM":0.4808939476,"ci_prec_low":0.0,"ci_prec_high":0.0,"ci_rec_low":0.0543520357,"ci_rec_high":0.0543520357,"ci_fscore_low":0.0580684142,"ci_fscore_high":0.0580684142,"ci_TNR_low":0.0,"ci_TNR_high":0.0,"ci_NPV_low":0.0015284803,"ci_NPV_high":0.0015284803,"ci_FNR_low":0.0543520357,"ci_FNR_high":0.0543520357,"ci_FDR_low":0.0,"ci_FDR_high":0.0,"ci_FOR_low":0.0015284803,"ci_FOR_high":0.0015284803,"ci_TS_low":0.0543520357,"ci_TS_high":0.0543520357,"ci_PT_low":0.0,"ci_PT_high":0.0,"ci_FPR_low":0.0,"ci_FPR_high":0.0,"ci_ACC_low":0.0015471027,"ci_ACC_high":0.0015471027,"ci_MCC_low":0.0502437265,"ci_MCC_high":0.0502437265,"ci_MK_low":0.0015284803,"ci_MK_high":0.0015284803,"ci_BM_low":0.0543520357,"ci_BM_high":0.0543520357,"ci_FM_low":0.0503413817,"ci_FM_high":0.0503413817},"BGP_testbed_2":{"avg_prec":1.0,"avg_rec":0.6883116883,"avg_fscore":0.9117117883,"avg_TNR":1.0,"avg_NPV":0.992168697,"avg_FNR":0.3116883117,"avg_FDR":0.0,"avg_FOR":0.007831303,"avg_TS":0.6883116883,"avg_PT":0.0,"avg_FPR":0.0,"avg_ACC":0.9922933619,"avg_MCC":0.8234583213,"avg_MK":0.992168697,"avg_BM":0.6883116883,"avg_FM":0.8265970721,"ci_prec_low":0.0,"ci_prec_high":0.0,"ci_rec_low":0.0838670118,"ci_rec_high":0.0838670118,"ci_fscore_low":0.0292108953,"ci_fscore_high":0.0292108953,"ci_TNR_low":0.0,"ci_TNR_high":0.0,"ci_NPV_low":0.0020801977,"ci_NPV_high":0.0020801977,"ci_FNR_low":0.0838670118,"ci_FNR_high":0.0838670118,"ci_FDR_low":0.0,"ci_FDR_high":0.0,"ci_FOR_low":0.0020801977,"ci_FOR_high":0.0020801977,"ci_TS_low":0.0838670118,"ci_TS_high":0.0838670118,"ci_PT_low":0.0,"ci_PT_high":0.0,"ci_FPR_low":0.0,"ci_FPR_high":0.0,"ci_ACC_low":0.0020590355,"ci_ACC_high":0.0020590355,"ci_MCC_low":0.0507558154,"ci_MCC_high":0.0507558154,"ci_MK_low":0.0020801977,"ci_MK_high":0.0020801977,"ci_BM_low":0.0838670118,"ci_BM_high":0.0838670118,"ci_FM_low":0.0500660799,"ci_FM_high":0.0500660799},"BGP_testbed_3":{"avg_prec":1.0,"avg_rec":0.7045454545,"avg_fscore":0.9094516595,"avg_TNR":1.0,"avg_NPV":0.9879248317,"avg_FNR":0.2954545455,"avg_FDR":0.0,"avg_FOR":0.0120751683,"avg_TS":0.7045454545,"avg_PT":0.0,"avg_FPR":0.0,"avg_ACC":0.9882130285,"avg_MCC":0.827364952,"avg_MK":0.9879248317,"avg_BM":0.7045454545,"avg_FM":0.8320077929,"ci_prec_low":0.0,"ci_prec_high":0.0,"ci_rec_low":0.1260913864,"ci_rec_high":0.1260913864,"ci_fscore_low":0.0505039355,"ci_fscore_high":0.0505039355,"ci_TNR_low":0.0,"ci_TNR_high":0.0,"ci_NPV_low":0.0050798366,"ci_NPV_high":0.0050798366,"ci_FNR_low":0.1260913864,"ci_FNR_high":0.1260913864,"ci_FDR_low":0.0,"ci_FDR_high":0.0,"ci_FOR_low":0.0050798366,"ci_FOR_high":0.0050798366,"ci_TS_low":0.1260913864,"ci_TS_high":0.1260913864,"ci_PT_low":0.0,"ci_PT_high":0.0,"ci_FPR_low":0.0,"ci_FPR_high":0.0,"ci_ACC_low":0.0050075639,"ci_ACC_high":0.0050075639,"ci_MCC_low":0.0797013692,"ci_MCC_high":0.0797013692,"ci_MK_low":0.0050798366,"ci_MK_high":0.0050798366,"ci_BM_low":0.1260913864,"ci_BM_high":0.1260913864,"ci_FM_low":0.0781708059,"ci_FM_high":0.0781708059},"BGP_testbed_5":{"avg_prec":1.0,"avg_rec":0.5075757576,"avg_fscore":0.8233102125,"avg_TNR":1.0,"avg_NPV":0.9939982392,"avg_FNR":0.4924242424,"avg_FDR":0.0,"avg_FOR":0.0060017608,"avg_TS":0.5075757576,"avg_PT":0.0,"avg_FPR":0.0,"avg_ACC":0.9940321014,"avg_MCC":0.7035167619,"avg_MK":0.9939982392,"avg_BM":0.5075757576,"avg_FM":0.705550904,"ci_prec_low":0.0,"ci_prec_high":0.0,"ci_rec_low":0.1015599797,"ci_rec_high":0.1015599797,"ci_fscore_low":0.0532462036,"ci_fscore_high":0.0532462036,"ci_TNR_low":0.0,"ci_TNR_high":0.0,"ci_NPV_low":0.0012334199,"ci_NPV_high":0.0012334199,"ci_FNR_low":0.1015599797,"ci_FNR_high":0.1015599797,"ci_FDR_low":0.0,"ci_FDR_high":0.0,"ci_FOR_low":0.0012334199,"ci_FOR_high":0.0012334199,"ci_TS_low":0.1015599797,"ci_TS_high":0.1015599797,"ci_PT_low":0.0,"ci_PT_high":0.0,"ci_FPR_low":0.0,"ci_FPR_high":0.0,"ci_ACC_low":0.0012319175,"ci_ACC_high":0.0012319175,"ci_MCC_low":0.0699146929,"ci_MCC_high":0.0699146929,"ci_MK_low":0.0012334199,"ci_MK_high":0.0012334199,"ci_BM_low":0.1015599797,"ci_BM_high":0.1015599797,"ci_FM_low":0.0696580477,"ci_FM_high":0.0696580477},"BGP_testbed_9":{"avg_prec":1.0,"avg_rec":0.3090909091,"avg_fscore":0.7119713982,"avg_TNR":1.0,"avg_NPV":0.9742981838,"avg_FNR":0.6909090909,"avg_FDR":0.0,"avg_FOR":0.0257018162,"avg_TS":0.3090909091,"avg_PT":0.0,"avg_FPR":0.0,"avg_ACC":0.9745292435,"avg_MCC":0.5909852433,"avg_MK":0.9767566037,"avg_BM":0.3090909091,"avg_FM":0.5975061615,"ci_prec_low":0.0,"ci_prec_high":0.0,"ci_rec_low":0.1515805853,"ci_rec_high":0.1515805853,"ci_fscore_low":0.0,"ci_fscore_high":0.0,"ci_TNR_low":0.0,"ci_TNR_high":0.0,"ci_NPV_low":0.0055033137,"ci_NPV_high":0.0055033137,"ci_FNR_low":0.1515805853,"ci_FNR_high":0.1515805853,"ci_FDR_low":0.0,"ci_FDR_high":0.0,"ci_FOR_low":0.0055033137,"ci_FOR_high":0.0055033137,"ci_TS_low":0.1515805853,"ci_TS_high":0.1515805853,"ci_PT_low":0.0,"ci_PT_high":0.0,"ci_FPR_low":0.0,"ci_FPR_high":0.0,"ci_ACC_low":0.005578618,"ci_ACC_high":0.005578618,"ci_MCC_low":0.0,"ci_MCC_high":0.0,"ci_MK_low":0.0,"ci_MK_high":0.0,"ci_BM_low":0.1515805853,"ci_BM_high":0.1515805853,"ci_FM_low":0.0,"ci_FM_high":0.0}}