{
  "precision": 1.0,
  "recall": 0.351010101010101,
  "fscore": 0.7097618213011955,
  "TNR": 1.0,
  "NPV": 0.9820699029002571,
  "FNR": 0.648989898989899,
  "FDR": 0.0,
  "FOR": 0.01793009709974286,
  "TS": 0.351010101010101,
  "PT": 0.0,
  "FPR": 0.0,
  "ACC": 0.9822066315013577,
  "MCC": 0.589983793903386,
  "MK": 0.983285038950748,
  "BM": 0.351010101010101,
  "FM": 0.5944660909967036,
  "ci_precision": NaN,
  "ci_recall": 0.06970521539059593,
  "ci_fscore": 0.05261577439999254,
  "ci_TNR": NaN,
  "ci_NPV": 0.0035325849455527525,
  "ci_FNR": 0.06970521539059593,
  "ci_FDR": NaN,
  "ci_FOR": 0.0035325849455527525,
  "ci_TS": 0.06970521539059593,
  "ci_PT": NaN,
  "ci_FPR": NaN,
  "ci_ACC": 0.0035192065195241984,
  "ci_MCC": NaN,
  "ci_MK": 0.0032950066224551877,
  "ci_BM": 0.06970521539059599,
  "ci_FM": NaN
}