{
  "precision": 1.0,
  "recall": 0.6964285714285714,
  "fscore": 0.910581723870644,
  "TNR": 1.0,
  "NPV": 0.990046764361901,
  "FNR": 0.3035714285714286,
  "FDR": 0.0,
  "FOR": 0.009953235638099054,
  "TS": 0.6964285714285714,
  "PT": 0.0,
  "FPR": 0.0,
  "ACC": 0.990253195239329,
  "MCC": 0.8254116366474229,
  "MK": 0.990046764361901,
  "BM": 0.6964285714285715,
  "FM": 0.8293024325105084,
  "ci_precision": NaN,
  "ci_recall": 0.06906564511306479,
  "ci_fscore": 0.026575815495766708,
  "ci_TNR": NaN,
  "ci_NPV": 0.0026789875911508165,
  "ci_FNR": 0.06906564511306482,
  "ci_FDR": NaN,
  "ci_FOR": 0.0026789875911508287,
  "ci_TS": 0.06906564511306479,
  "ci_PT": NaN,
  "ci_FPR": NaN,
  "ci_ACC": 0.002633915078056326,
  "ci_MCC": 0.04304237484831175,
  "ci_MK": 0.0026789875911508165,
  "ci_BM": 0.06906564511306479,
  "ci_FM": 0.04229452352044871
}