{"BGP_testbed_10":{"avg_prec":0.9772727273,"avg_rec":0.3272727273,"avg_fscore":0.6579694815,"avg_TNR":0.9994620764,"avg_NPV":0.9804977616,"avg_FNR":0.6727272727,"avg_FDR":0.0227272727,"avg_FOR":0.0195022384,"avg_TS":0.3181818182,"avg_PT":0.0082123838,"avg_FPR":0.0005379236,"avg_ACC":0.9801454627,"avg_MCC":0.5422834685,"avg_MK":0.9577704888,"avg_BM":0.3267348037,"avg_FM":0.547824112,"ci_prec_low":0.0506395194,"ci_prec_high":0.0506395194,"ci_rec_low":0.1087040713,"ci_rec_high":0.1087040713,"ci_fscore_low":0.0832578223,"ci_fscore_high":0.0832578223,"ci_TNR_low":0.0011985685,"ci_TNR_high":0.0011985685,"ci_NPV_low":0.0030903717,"ci_NPV_high":0.0030903717,"ci_FNR_low":0.1087040713,"ci_FNR_high":0.1087040713,"ci_FDR_low":0.0506395194,"ci_FDR_high":0.0506395194,"ci_FOR_low":0.0030903717,"ci_FOR_high":0.0030903717,"ci_TS_low":0.0988184517,"ci_TS_high":0.0988184517,"ci_PT_low":0.0182983315,"ci_PT_high":0.0182983315,"ci_FPR_low":0.0011985685,"ci_FPR_high":0.0011985685,"ci_ACC_low":0.0026498061,"ci_ACC_high":0.0026498061,"ci_MCC_low":0.0817507592,"ci_MCC_high":0.0817507592,"ci_MK_low":0.0489826832,"ci_MK_high":0.0489826832,"ci_BM_low":0.108038622,"ci_BM_high":0.108038622,"ci_FM_low":0.0819431378,"ci_FM_high":0.0819431378},"BGP_testbed_2":{"avg_prec":1.0,"avg_rec":0.7012987013,"avg_fscore":0.909876303,"avg_TNR":1.0,"avg_NPV":0.9924842903,"avg_FNR":0.2987012987,"avg_FDR":0.0,"avg_FOR":0.0075157097,"avg_TS":0.7012987013,"avg_PT":0.0,"avg_FPR":0.0,"avg_ACC":0.9925975884,"avg_MCC":0.8280488763,"avg_MK":0.9924842903,"avg_BM":0.7012987013,"avg_FM":0.8309612947,"ci_prec_low":0.0,"ci_prec_high":0.0,"ci_rec_low":0.1171853848,"ci_rec_high":0.1171853848,"ci_fscore_low":0.0472663859,"ci_fscore_high":0.0472663859,"ci_TNR_low":0.0,"ci_TNR_high":0.0,"ci_NPV_low":0.0029447818,"ci_NPV_high":0.0029447818,"ci_FNR_low":0.1171853848,"ci_FNR_high":0.1171853848,"ci_FDR_low":0.0,"ci_FDR_high":0.0,"ci_FOR_low":0.0029447818,"ci_FOR_high":0.0029447818,"ci_TS_low":0.1171853848,"ci_TS_high":0.1171853848,"ci_PT_low":0.0,"ci_PT_high":0.0,"ci_FPR_low":0.0,"ci_FPR_high":0.0,"ci_ACC_low":0.0029215539,"ci_ACC_high":0.0029215539,"ci_MCC_low":0.0740937408,"ci_MCC_high":0.0740937408,"ci_MK_low":0.0029447818,"ci_MK_high":0.0029447818,"ci_BM_low":0.1171853848,"ci_BM_high":0.1171853848,"ci_FM_low":0.0732309892,"ci_FM_high":0.0732309892},"BGP_testbed_3":{"avg_prec":1.0,"avg_rec":0.5681818182,"avg_fscore":0.852994228,"avg_TNR":1.0,"avg_NPV":0.9823707588,"avg_FNR":0.4318181818,"avg_FDR":0.0,"avg_FOR":0.0176292412,"avg_TS":0.5681818182,"avg_PT":0.0,"avg_FPR":0.0,"avg_ACC":0.9827284468,"avg_MCC":0.7398401663,"avg_MK":0.9823707588,"avg_BM":0.5681818182,"avg_FM":0.7460946941,"ci_prec_low":0.0,"ci_prec_high":0.0,"ci_rec_low":0.1149193576,"ci_rec_high":0.1149193576,"ci_fscore_low":0.0540207052,"ci_fscore_high":0.0540207052,"ci_TNR_low":0.0,"ci_TNR_high":0.0,"ci_NPV_low":0.0046382988,"ci_NPV_high":0.0046382988,"ci_FNR_low":0.1149193576,"ci_FNR_high":0.1149193576,"ci_FDR_low":0.0,"ci_FDR_high":0.0,"ci_FOR_low":0.0046382988,"ci_FOR_high":0.0046382988,"ci_TS_low":0.1149193576,"ci_TS_high":0.1149193576,"ci_PT_low":0.0,"ci_PT_high":0.0,"ci_FPR_low":0.0,"ci_FPR_high":0.0,"ci_ACC_low":0.0046018466,"ci_ACC_high":0.0046018466,"ci_MCC_low":0.0767821109,"ci_MCC_high":0.0767821109,"ci_MK_low":0.0046382988,"ci_MK_high":0.0046382988,"ci_BM_low":0.1149193576,"ci_BM_high":0.1149193576,"ci_FM_low":0.0756403937,"ci_FM_high":0.0756403937},"BGP_testbed_5":{"avg_prec":0.9816345271,"avg_rec":0.7348484848,"avg_fscore":0.9170980535,"avg_TNR":0.9998153169,"avg_NPV":0.9967599094,"avg_FNR":0.2651515152,"avg_FDR":0.0183654729,"avg_FOR":0.0032400906,"avg_TS":0.7243589744,"avg_PT":0.0064814555,"avg_FPR":0.0001846831,"avg_ACC":0.9966057732,"avg_MCC":0.8461698201,"avg_MK":0.9783944365,"avg_BM":0.7346638018,"avg_FM":0.847645872,"ci_prec_low":0.0276177668,"ci_prec_high":0.0276177668,"ci_rec_low":0.0603911507,"ci_rec_high":0.0603911507,"ci_fscore_low":0.0271448037,"ci_fscore_high":0.0271448037,"ci_TNR_low":0.0002760444,"ci_TNR_high":0.0002760444,"ci_NPV_low":0.0007318449,"ci_NPV_high":0.0007318449,"ci_FNR_low":0.0603911507,"ci_FNR_high":0.0603911507,"ci_FDR_low":0.0276177668,"ci_FDR_high":0.0276177668,"ci_FOR_low":0.0007318449,"ci_FOR_high":0.0007318449,"ci_TS_low":0.0603520536,"ci_TS_high":0.0603520536,"ci_PT_low":0.0097037266,"ci_PT_high":0.0097037266,"ci_FPR_low":0.0002760444,"ci_FPR_high":0.0002760444,"ci_ACC_low":0.0007525369,"ci_ACC_high":0.0007525369,"ci_MCC_low":0.0370609757,"ci_MCC_high":0.0370609757,"ci_MK_low":0.0275932455,"ci_MK_high":0.0275932455,"ci_BM_low":0.060368324,"ci_BM_high":0.060368324,"ci_FM_low":0.036773752,"ci_FM_high":0.036773752},"BGP_testbed_9":{"avg_prec":0.9136363636,"avg_rec":0.5636363636,"avg_fscore":0.7851194557,"avg_TNR":0.997224069,"avg_NPV":0.9835631935,"avg_FNR":0.4363636364,"avg_FDR":0.0863636364,"avg_FOR":0.0164368065,"avg_TS":0.5242424242,"avg_PT":0.0357379044,"avg_FPR":0.002775931,"avg_ACC":0.9812286639,"avg_MCC":0.6963606157,"avg_MK":0.8971995571,"avg_BM":0.5608604327,"avg_FM":0.7038911853,"ci_prec_low":0.081023231,"ci_prec_high":0.081023231,"ci_rec_low":0.1174138165,"ci_rec_high":0.1174138165,"ci_fscore_low":0.0750557345,"ci_fscore_high":0.0750557345,"ci_TNR_low":0.0025874972,"ci_TNR_high":0.0025874972,"ci_NPV_low":0.0043406086,"ci_NPV_high":0.0043406086,"ci_FNR_low":0.1174138165,"ci_FNR_high":0.1174138165,"ci_FDR_low":0.081023231,"ci_FDR_high":0.081023231,"ci_FOR_low":0.0043406086,"ci_FOR_high":0.0043406086,"ci_TS_low":0.1065009544,"ci_TS_high":0.1065009544,"ci_PT_low":0.0333943456,"ci_PT_high":0.0333943456,"ci_FPR_low":0.0025874972,"ci_FPR_high":0.0025874972,"ci_ACC_low":0.0040743262,"ci_ACC_high":0.0040743262,"ci_MCC_low":0.0801705212,"ci_MCC_high":0.0801705212,"ci_MK_low":0.0796192964,"ci_MK_high":0.0796192964,"ci_BM_low":0.1164289707,"ci_BM_high":0.1164289707,"ci_FM_low":0.0794637458,"ci_FM_high":0.0794637458}}