{
  "precision": 0.9575145393327211,
  "recall": 0.5419191919191919,
  "fscore": 0.7867289968894248,
  "TNR": 0.9988338207774324,
  "NPV": 0.9869402881642751,
  "FNR": 0.4580808080808081,
  "FDR": 0.04248546066727885,
  "FOR": 0.013059711835724913,
  "TS": 0.5222610722610722,
  "PT": 0.016810581254409786,
  "FPR": 0.0011661792225676022,
  "ACC": 0.9859932999134201,
  "MCC": 0.6949379681030556,
  "MK": 0.9444548274969963,
  "BM": 0.5407530126966242,
  "FM": 0.6997870564253191,
  "ci_precision": 0.0314065591821836,
  "ci_recall": 0.07852847230290672,
  "ci_fscore": 0.05108074773222382,
  "ci_TNR": 0.0009408697713524372,
  "ci_NPV": 0.0029954156873065463,
  "ci_FNR": 0.07852847230290677,
  "ci_FDR": 0.03140655918218365,
  "ci_FOR": 0.002995415687306534,
  "ci_TS": 0.07563117433158684,
  "ci_PT": 0.012558617462468481,
  "ci_FPR": 0.0009408697713524448,
  "ci_ACC": 0.0030712322149554216,
  "ci_MCC": 0.057067111803555615,
  "ci_MK": 0.03132066365097419,
  "ci_BM": 0.07833094075238828,
  "ci_FM": 0.0565301890907548
}