{
  "precision": 1.0,
  "recall": 0.6347402597402598,
  "fscore": 0.8814352654732442,
  "TNR": 1.0,
  "NPV": 0.9874275245711064,
  "FNR": 0.36525974025974023,
  "FDR": 0.0,
  "FOR": 0.01257247542889366,
  "TS": 0.6347402597402598,
  "PT": 0.0,
  "FPR": 0.0,
  "ACC": 0.9876630176101456,
  "MCC": 0.7839445213066436,
  "MK": 0.9874275245711064,
  "BM": 0.6347402597402598,
  "FM": 0.788527994398465,
  "ci_precision": NaN,
  "ci_recall": 0.0806210099211514,
  "ci_fscore": 0.035145961230681366,
  "ci_TNR": NaN,
  "ci_NPV": 0.0033951356595796067,
  "ci_FNR": 0.08062100992115145,
  "ci_FDR": NaN,
  "ci_FOR": 0.003395135659579605,
  "ci_TS": 0.0806210099211514,
  "ci_PT": NaN,
  "ci_FPR": NaN,
  "ci_ACC": 0.00334326029651677,
  "ci_MCC": 0.0525552023788759,
  "ci_MK": 0.0033951356595796067,
  "ci_BM": 0.0806210099211514,
  "ci_FM": 0.05167021263917071
}