{
  "precision": 0.9127705627705627,
  "recall": 0.5924242424242424,
  "fscore": 0.7931488755778817,
  "TNR": 0.9977890882829042,
  "NPV": 0.9879495171391021,
  "FNR": 0.4075757575757576,
  "FDR": 0.08722943722943721,
  "FOR": 0.01205048286089798,
  "TS": 0.5623737373737374,
  "PT": 0.028172238736777704,
  "FPR": 0.0022109117170958244,
  "ACC": 0.9859983653474386,
  "MCC": 0.7140402515965534,
  "MK": 0.9007200799096649,
  "BM": 0.5902133307071465,
  "FM": 0.7194640381163613,
  "ci_precision": 0.05841271943166215,
  "ci_recall": 0.08171556680270353,
  "ci_fscore": 0.060403767501367334,
  "ci_TNR": 0.001670646235890083,
  "ci_NPV": 0.0030419218182006214,
  "ci_FNR": 0.08171556680270348,
  "ci_FDR": 0.05841271943166221,
  "ci_FOR": 0.0030419218182005936,
  "ci_TS": 0.08341338906665707,
  "ci_PT": 0.018343356560819042,
  "ci_FPR": 0.0016706462358901037,
  "ci_ACC": 0.0034536891888045096,
  "ci_MCC": 0.06426973938901648,
  "ci_MK": 0.05902426525242166,
  "ci_BM": 0.08176059465898533,
  "ci_FM": 0.06316317127481885
}