{"BGP_testbed_10":{"avg_prec":0.761038961,"avg_rec":0.4545454545,"avg_fscore":0.6305337378,"avg_TNR":0.9940665655,"avg_NPV":0.9840889517,"avg_FNR":0.5454545455,"avg_FDR":0.238961039,"avg_FOR":0.0159110483,"avg_TS":0.3734848485,"avg_PT":0.0752702453,"avg_FPR":0.0059334345,"avg_ACC":0.978574941,"avg_MCC":0.5578603537,"avg_MK":0.7451279127,"avg_BM":0.4486120201,"avg_FM":0.566713387,"ci_prec_low":0.1391278685,"ci_prec_high":0.1391278685,"ci_rec_low":0.1355777972,"ci_rec_high":0.1355777972,"ci_fscore_low":0.0879347985,"ci_fscore_high":0.0879347985,"ci_TNR_low":0.0043808751,"ci_TNR_high":0.0043808751,"ci_NPV_low":0.0038661728,"ci_NPV_high":0.0038661728,"ci_FNR_low":0.1355777972,"ci_FNR_high":0.1355777972,"ci_FDR_low":0.1391278685,"ci_FDR_high":0.1391278685,"ci_FOR_low":0.0038661728,"ci_FOR_high":0.0038661728,"ci_TS_low":0.0905772895,"ci_TS_high":0.0905772895,"ci_PT_low":0.0420418765,"ci_PT_high":0.0420418765,"ci_FPR_low":0.0043808751,"ci_FPR_high":0.0043808751,"ci_ACC_low":0.0034875897,"ci_ACC_high":0.0034875897,"ci_MCC_low":0.0870917677,"ci_MCC_high":0.0870917677,"ci_MK_low":0.1382085479,"ci_MK_high":0.1382085479,"ci_BM_low":0.1328381814,"ci_BM_high":0.1328381814,"ci_FM_low":0.0861222017,"ci_FM_high":0.0861222017},"BGP_testbed_2":{"avg_prec":0.9886363636,"avg_rec":0.8701298701,"avg_fscore":0.9596126693,"avg_TNR":0.9996657754,"avg_NPV":0.9967309845,"avg_FNR":0.1298701299,"avg_FDR":0.0113636364,"avg_FOR":0.0032690155,"avg_TS":0.8587662338,"avg_PT":0.0051970555,"avg_FPR":0.0003342246,"avg_ACC":0.9964696635,"avg_MCC":0.9238942608,"avg_MK":0.9853673481,"avg_BM":0.8697956455,"avg_FM":0.9255130413,"ci_prec_low":0.0253197597,"ci_prec_high":0.0253197597,"ci_rec_low":0.0672432052,"ci_rec_high":0.0672432052,"ci_fscore_low":0.0210248647,"ci_fscore_high":0.0210248647,"ci_TNR_low":0.0007446988,"ci_TNR_high":0.0007446988,"ci_NPV_low":0.0016931385,"ci_NPV_high":0.0016931385,"ci_FNR_low":0.0672432052,"ci_FNR_high":0.0672432052,"ci_FDR_low":0.0253197597,"ci_FDR_high":0.0253197597,"ci_FOR_low":0.0016931385,"ci_FOR_high":0.0016931385,"ci_TS_low":0.0608061656,"ci_TS_high":0.0608061656,"ci_PT_low":0.0115797613,"ci_PT_high":0.0115797613,"ci_FPR_low":0.0007446988,"ci_FPR_high":0.0007446988,"ci_ACC_low":0.0015015036,"ci_ACC_high":0.0015015036,"ci_MCC_low":0.0336296553,"ci_MCC_high":0.0336296553,"ci_MK_low":0.0246388318,"ci_MK_high":0.0246388318,"ci_BM_low":0.0669261139,"ci_BM_high":0.0669261139,"ci_FM_low":0.0329873234,"ci_FM_high":0.0329873234},"BGP_testbed_3":{"avg_prec":0.9818181818,"avg_rec":0.8977272727,"avg_fscore":0.9593253968,"avg_TNR":0.9990430622,"avg_NPV":0.9957991915,"avg_FNR":0.1022727273,"avg_FDR":0.0181818182,"avg_FOR":0.0042008085,"avg_TS":0.8795454545,"avg_PT":0.0084591822,"avg_FPR":0.0009569378,"avg_ACC":0.9950088191,"avg_MCC":0.9334331162,"avg_MK":0.9776173733,"avg_BM":0.8967703349,"avg_FM":0.935698127,"ci_prec_low":0.0405116155,"ci_prec_high":0.0405116155,"ci_rec_low":0.0824351651,"ci_rec_high":0.0824351651,"ci_fscore_low":0.035581401,"ci_fscore_high":0.035581401,"ci_TNR_low":0.0021321903,"ci_TNR_high":0.0021321903,"ci_NPV_low":0.0033719924,"ci_NPV_high":0.0033719924,"ci_FNR_low":0.0824351651,"ci_FNR_high":0.0824351651,"ci_FDR_low":0.0405116155,"ci_FDR_high":0.0405116155,"ci_FOR_low":0.0033719924,"ci_FOR_high":0.0033719924,"ci_TS_low":0.0811813252,"ci_TS_high":0.0811813252,"ci_PT_low":0.0188482324,"ci_PT_high":0.0188482324,"ci_FPR_low":0.0021321903,"ci_FPR_high":0.0021321903,"ci_ACC_low":0.0033526181,"ci_ACC_high":0.0033526181,"ci_MCC_low":0.0460488496,"ci_MCC_high":0.0460488496,"ci_MK_low":0.0397079803,"ci_MK_high":0.0397079803,"ci_BM_low":0.0818714046,"ci_BM_high":0.0818714046,"ci_FM_low":0.0446433058,"ci_FM_high":0.0446433058},"BGP_testbed_5":{"avg_prec":1.0,"avg_rec":0.7954545455,"avg_fscore":0.945174144,"avg_TNR":1.0,"avg_NPV":0.9975071884,"avg_FNR":0.2045454545,"avg_FDR":0.0,"avg_FOR":0.0024928116,"avg_TS":0.7954545455,"avg_PT":0.0,"avg_FPR":0.0,"avg_ACC":0.9975279212,"avg_MCC":0.8870351493,"avg_MK":0.9975071884,"avg_BM":0.7954545455,"avg_FM":0.888068698,"ci_prec_low":0.0,"ci_prec_high":0.0,"ci_rec_low":0.1043277886,"ci_rec_high":0.1043277886,"ci_fscore_low":0.0295835613,"ci_fscore_high":0.0295835613,"ci_TNR_low":0.0,"ci_TNR_high":0.0,"ci_NPV_low":0.0012717604,"ci_NPV_high":0.0012717604,"ci_FNR_low":0.1043277886,"ci_FNR_high":0.1043277886,"ci_FDR_low":0.0,"ci_FDR_high":0.0,"ci_FOR_low":0.0012717604,"ci_FOR_high":0.0012717604,"ci_TS_low":0.1043277886,"ci_TS_high":0.1043277886,"ci_PT_low":0.0,"ci_PT_high":0.0,"ci_FPR_low":0.0,"ci_FPR_high":0.0,"ci_ACC_low":0.001261959,"ci_ACC_high":0.001261959,"ci_MCC_low":0.0585602871,"ci_MCC_high":0.0585602871,"ci_MK_low":0.0012717604,"ci_MK_high":0.0012717604,"ci_BM_low":0.1043277886,"ci_BM_high":0.1043277886,"ci_FM_low":0.0580537425,"ci_FM_high":0.0580537425},"BGP_testbed_9":{"avg_prec":0.9772727273,"avg_rec":0.5272727273,"avg_fscore":0.8037387449,"avg_TNR":0.9993006993,"avg_NPV":0.9822524114,"avg_FNR":0.4727272727,"avg_FDR":0.0227272727,"avg_FOR":0.0177475886,"avg_TS":0.5181818182,"avg_PT":0.0092464709,"avg_FPR":0.0006993007,"avg_ACC":0.9818922339,"avg_MCC":0.6972252518,"avg_MK":0.9595251387,"avg_BM":0.5265734266,"avg_FM":0.7036100293,"ci_prec_low":0.0506395194,"ci_prec_high":0.0506395194,"ci_rec_low":0.1242062611,"ci_rec_high":0.1242062611,"ci_fscore_low":0.0929814172,"ci_fscore_high":0.0929814172,"ci_TNR_low":0.0015581391,"ci_TNR_high":0.0015581391,"ci_NPV_low":0.0045675723,"ci_NPV_high":0.0045675723,"ci_FNR_low":0.1242062611,"ci_FNR_high":0.1242062611,"ci_FDR_low":0.0506395194,"ci_FDR_high":0.0506395194,"ci_FOR_low":0.0045675723,"ci_FOR_high":0.0045675723,"ci_TS_low":0.1232112684,"ci_TS_high":0.1232112684,"ci_PT_low":0.0206024211,"ci_PT_high":0.0206024211,"ci_FPR_low":0.0015581391,"ci_FPR_high":0.0015581391,"ci_ACC_low":0.0046406372,"ci_ACC_high":0.0046406372,"ci_MCC_low":0.0965692767,"ci_MCC_high":0.0965692767,"ci_MK_low":0.0502916465,"ci_MK_high":0.0502916465,"ci_BM_low":0.1240125998,"ci_BM_high":0.1240125998,"ci_FM_low":0.0960151807,"ci_FM_high":0.0960151807}}