{
  "precision": 0.9852272727272727,
  "recall": 0.8839285714285715,
  "fscore": 0.9594690330577426,
  "TNR": 0.9993544188010133,
  "NPV": 0.996265087992641,
  "FNR": 0.11607142857142856,
  "FDR": 0.014772727272727272,
  "FOR": 0.0037349120073589762,
  "TS": 0.8691558441558442,
  "PT": 0.006828118835382005,
  "FPR": 0.0006455811989867717,
  "ACC": 0.995739241290725,
  "MCC": 0.928663688490991,
  "MK": 0.9814923607199137,
  "BM": 0.8832829902295848,
  "FM": 0.930605584153919,
  "ci_precision": 0.021812003102611444,
  "ci_recall": 0.04885206421301047,
  "ci_fscore": 0.01882229792502288,
  "ci_TNR": 0.0010382334547838212,
  "ci_NPV": 0.00173136403204599,
  "ci_FNR": 0.04885206421301043,
  "ci_FDR": 0.021812003102611485,
  "ci_FOR": 0.00173136403204599,
  "ci_TS": 0.0464330886508213,
  "ci_PT": 0.010101670021636514,
  "ci_FPR": 0.0010382334547837904,
  "ci_ACC": 0.0017055184153089709,
  "ci_MCC": 0.02605898961318598,
  "ci_MK": 0.021354985523450276,
  "ci_BM": 0.04854624702145882,
  "ci_FM": 0.025385290767978907
}