{
  "precision": 1.0,
  "recall": 0.4935064935064935,
  "fscore": 0.7988014390815746,
  "TNR": 1.0,
  "NPV": 0.9830938239274435,
  "FNR": 0.5064935064935064,
  "FDR": 0.0,
  "FOR": 0.01690617607255661,
  "TS": 0.4935064935064935,
  "PT": 0.0,
  "FPR": 0.0,
  "ACC": 0.9833305659848897,
  "MCC": 0.6828489261957238,
  "MK": 0.9830938239274434,
  "BM": 0.4935064935064935,
  "FM": 0.6881772342887724,
  "ci_precision": NaN,
  "ci_recall": 0.08705882683583632,
  "ci_fscore": 0.05785384813916128,
  "ci_TNR": NaN,
  "ci_NPV": 0.0037531485589779034,
  "ci_FNR": 0.08705882683583632,
  "ci_FDR": NaN,
  "ci_FOR": 0.0037531485589778896,
  "ci_TS": 0.08705882683583632,
  "ci_PT": NaN,
  "ci_FPR": NaN,
  "ci_ACC": 0.003724900991634472,
  "ci_MCC": 0.06459018697699415,
  "ci_MK": 0.0037531485589779034,
  "ci_BM": 0.08705882683583632,
  "ci_FM": 0.06404752086755228
}