{"BGP_testbed_10":{"avg_prec":1.0,"avg_rec":0.1818181818,"avg_fscore":0.579297246,"avg_TNR":1.0,"avg_NPV":0.9763848029,"avg_FNR":0.8181818182,"avg_FDR":0.0,"avg_FOR":0.0236151971,"avg_TS":0.1818181818,"avg_PT":0.0,"avg_FPR":0.0,"avg_ACC":0.976500108,"avg_MCC":0.462550543,"avg_MK":0.9774861877,"avg_BM":0.1818181818,"avg_FM":0.4677960329,"ci_prec_low":0.0,"ci_prec_high":0.0,"ci_rec_low":0.0724693809,"ci_rec_high":0.0724693809,"ci_fscore_low":0.0,"ci_fscore_high":0.0,"ci_TNR_low":0.0,"ci_TNR_high":0.0,"ci_NPV_low":0.0019796557,"ci_NPV_high":0.0019796557,"ci_FNR_low":0.0724693809,"ci_FNR_high":0.0724693809,"ci_FDR_low":0.0,"ci_FDR_high":0.0,"ci_FOR_low":0.0019796557,"ci_FOR_high":0.0019796557,"ci_TS_low":0.0724693809,"ci_TS_high":0.0724693809,"ci_PT_low":0.0,"ci_PT_high":0.0,"ci_FPR_low":0.0,"ci_FPR_high":0.0,"ci_ACC_low":0.0020195115,"ci_ACC_high":0.0020195115,"ci_MCC_low":0.0,"ci_MCC_high":0.0,"ci_MK_low":0.0,"ci_MK_high":0.0,"ci_BM_low":0.0724693809,"ci_BM_high":0.0724693809,"ci_FM_low":0.0,"ci_FM_high":0.0},"BGP_testbed_2":{"avg_prec":1.0,"avg_rec":0.5324675325,"avg_fscore":0.8317298623,"avg_TNR":1.0,"avg_NPV":0.9883220336,"avg_FNR":0.4675324675,"avg_FDR":0.0,"avg_FOR":0.0116779664,"avg_TS":0.5324675325,"avg_PT":0.0,"avg_FPR":0.0,"avg_ACC":0.9884576933,"avg_MCC":0.7163661162,"avg_MK":0.9883220336,"avg_BM":0.5324675325,"avg_FM":0.720338852,"ci_prec_low":0.0,"ci_prec_high":0.0,"ci_rec_low":0.1220847807,"ci_rec_high":0.1220847807,"ci_fscore_low":0.0612332364,"ci_fscore_high":0.0612332364,"ci_TNR_low":0.0,"ci_TNR_high":0.0,"ci_NPV_low":0.0029839979,"ci_NPV_high":0.0029839979,"ci_FNR_low":0.1220847807,"ci_FNR_high":0.1220847807,"ci_FDR_low":0.0,"ci_FDR_high":0.0,"ci_FOR_low":0.0029839979,"ci_FOR_high":0.0029839979,"ci_TS_low":0.1220847807,"ci_TS_high":0.1220847807,"ci_PT_low":0.0,"ci_PT_high":0.0,"ci_FPR_low":0.0,"ci_FPR_high":0.0,"ci_ACC_low":0.0029735231,"ci_ACC_high":0.0029735231,"ci_MCC_low":0.0827797868,"ci_MCC_high":0.0827797868,"ci_MK_low":0.0029839979,"ci_MK_high":0.0029839979,"ci_BM_low":0.1220847807,"ci_BM_high":0.1220847807,"ci_FM_low":0.0821076597,"ci_FM_high":0.0821076597},"BGP_testbed_3":{"avg_prec":1.0,"avg_rec":0.4545454545,"avg_fscore":0.7658730159,"avg_TNR":1.0,"avg_NPV":0.9778656143,"avg_FNR":0.5454545455,"avg_FDR":0.0,"avg_FOR":0.0221343857,"avg_TS":0.4545454545,"avg_PT":0.0,"avg_FPR":0.0,"avg_ACC":0.9782034387,"avg_MCC":0.6493317362,"avg_MK":0.9778656143,"avg_BM":0.4545454545,"avg_FM":0.6560156166,"ci_prec_low":0.0,"ci_prec_high":0.0,"ci_rec_low":0.1418810531,"ci_rec_high":0.1418810531,"ci_fscore_low":0.1063544122,"ci_fscore_high":0.1063544122,"ci_TNR_low":0.0,"ci_TNR_high":0.0,"ci_NPV_low":0.0056452798,"ci_NPV_high":0.0056452798,"ci_FNR_low":0.1418810531,"ci_FNR_high":0.1418810531,"ci_FDR_low":0.0,"ci_FDR_high":0.0,"ci_FOR_low":0.0056452798,"ci_FOR_high":0.0056452798,"ci_TS_low":0.1418810531,"ci_TS_high":0.1418810531,"ci_PT_low":0.0,"ci_PT_high":0.0,"ci_FPR_low":0.0,"ci_FPR_high":0.0,"ci_ACC_low":0.005652652,"ci_ACC_high":0.005652652,"ci_MCC_low":0.1102097923,"ci_MCC_high":0.1102097923,"ci_MK_low":0.0056452798,"ci_MK_high":0.0056452798,"ci_BM_low":0.1418810531,"ci_BM_high":0.1418810531,"ci_FM_low":0.1095849459,"ci_FM_high":0.1095849459},"BGP_testbed_5":{"avg_prec":1.0,"avg_rec":0.3712121212,"avg_fscore":0.7210374852,"avg_TNR":1.0,"avg_NPV":0.9923500619,"avg_FNR":0.6287878788,"avg_FDR":0.0,"avg_FOR":0.0076499381,"avg_TS":0.3712121212,"avg_PT":0.0,"avg_FPR":0.0,"avg_ACC":0.9923814731,"avg_MCC":0.5959619335,"avg_MK":0.9923500619,"avg_BM":0.3712121212,"avg_FM":0.5981545181,"ci_prec_low":0.0,"ci_prec_high":0.0,"ci_rec_low":0.1012790387,"ci_rec_high":0.1012790387,"ci_fscore_low":0.0813315146,"ci_fscore_high":0.0813315146,"ci_TNR_low":0.0,"ci_TNR_high":0.0,"ci_NPV_low":0.001219065,"ci_NPV_high":0.001219065,"ci_FNR_low":0.1012790387,"ci_FNR_high":0.1012790387,"ci_FDR_low":0.0,"ci_FDR_high":0.0,"ci_FOR_low":0.001219065,"ci_FOR_high":0.001219065,"ci_TS_low":0.1012790387,"ci_TS_high":0.1012790387,"ci_PT_low":0.0,"ci_PT_high":0.0,"ci_FPR_low":0.0,"ci_FPR_high":0.0,"ci_ACC_low":0.0012215442,"ci_ACC_high":0.0012215442,"ci_MCC_low":0.081716351,"ci_MCC_high":0.081716351,"ci_MK_low":0.001219065,"ci_MK_high":0.001219065,"ci_BM_low":0.1012790387,"ci_BM_high":0.1012790387,"ci_FM_low":0.0816341356,"ci_FM_high":0.0816341356},"BGP_testbed_9":{"avg_prec":1.0,"avg_rec":0.2,"avg_fscore":0.6632909574,"avg_TNR":1.0,"avg_NPV":0.9703619939,"avg_FNR":0.8,"avg_FDR":0.0,"avg_FOR":0.0296380061,"avg_TS":0.2,"avg_PT":0.0,"avg_FPR":0.0,"avg_ACC":0.9705331859,"avg_MCC":0.540188893,"avg_MK":0.9743960572,"avg_BM":0.2,"avg_FM":0.5469088736,"ci_prec_low":0.0,"ci_prec_high":0.0,"ci_rec_low":0.1343618282,"ci_rec_high":0.1343618282,"ci_fscore_low":0.0,"ci_fscore_high":0.0,"ci_TNR_low":0.0,"ci_TNR_high":0.0,"ci_NPV_low":0.0047961502,"ci_NPV_high":0.0047961502,"ci_FNR_low":0.1343618282,"ci_FNR_high":0.1343618282,"ci_FDR_low":0.0,"ci_FDR_high":0.0,"ci_FOR_low":0.0047961502,"ci_FOR_high":0.0047961502,"ci_TS_low":0.1343618282,"ci_TS_high":0.1343618282,"ci_PT_low":0.0,"ci_PT_high":0.0,"ci_FPR_low":0.0,"ci_FPR_high":0.0,"ci_ACC_low":0.0048858555,"ci_ACC_high":0.0048858555,"ci_MCC_low":0.0,"ci_MCC_high":0.0,"ci_MK_low":0.0,"ci_MK_high":0.0,"ci_BM_low":0.1343618282,"ci_BM_high":0.1343618282,"ci_FM_low":0.0,"ci_FM_high":0.0}}