{
  "precision": 1.0,
  "recall": 0.38131313131313127,
  "fscore": 0.7277179914751075,
  "TNR": 1.0,
  "NPV": 0.9824381548100629,
  "FNR": 0.6186868686868687,
  "FDR": 0.0,
  "FOR": 0.017561845189937104,
  "TS": 0.38131313131313127,
  "PT": 0.0,
  "FPR": 0.0,
  "ACC": 0.9825747062936877,
  "MCC": 0.612765916606308,
  "MK": 0.9836770490482832,
  "BM": 0.38131313131313127,
  "FM": 0.6171751634000006,
  "ci_precision": NaN,
  "ci_recall": 0.07793746801945844,
  "ci_fscore": 0.05729937329078738,
  "ci_TNR": NaN,
  "ci_NPV": 0.0036898678846449817,
  "ci_FNR": 0.07793746801945844,
  "ci_FDR": NaN,
  "ci_FOR": 0.0036898678846449748,
  "ci_TS": 0.07793746801945844,
  "ci_PT": NaN,
  "ci_FPR": NaN,
  "ci_ACC": 0.003675624132880473,
  "ci_MCC": NaN,
  "ci_MK": 0.0034669823604270844,
  "ci_BM": 0.07793746801945844,
  "ci_FM": NaN
}