{"BGP_testbed_10":{"avg_prec":1.0,"avg_rec":0.2363636364,"avg_fscore":0.5944055944,"avg_TNR":1.0,"avg_NPV":0.9779132857,"avg_FNR":0.7636363636,"avg_FDR":0.0,"avg_FOR":0.0220867143,"avg_TS":0.2363636364,"avg_PT":0.0,"avg_FPR":0.0,"avg_ACC":0.9780585495,"avg_MCC":0.4756314583,"avg_MK":0.9779132857,"avg_BM":0.2363636364,"avg_FM":0.4808939476,"ci_prec_low":0.0,"ci_prec_high":0.0,"ci_rec_low":0.0543520357,"ci_rec_high":0.0543520357,"ci_fscore_low":0.0580684142,"ci_fscore_high":0.0580684142,"ci_TNR_low":0.0,"ci_TNR_high":0.0,"ci_NPV_low":0.0015284803,"ci_NPV_high":0.0015284803,"ci_FNR_low":0.0543520357,"ci_FNR_high":0.0543520357,"ci_FDR_low":0.0,"ci_FDR_high":0.0,"ci_FOR_low":0.0015284803,"ci_FOR_high":0.0015284803,"ci_TS_low":0.0543520357,"ci_TS_high":0.0543520357,"ci_PT_low":0.0,"ci_PT_high":0.0,"ci_FPR_low":0.0,"ci_FPR_high":0.0,"ci_ACC_low":0.0015471027,"ci_ACC_high":0.0015471027,"ci_MCC_low":0.0502437265,"ci_MCC_high":0.0502437265,"ci_MK_low":0.0015284803,"ci_MK_high":0.0015284803,"ci_BM_low":0.0543520357,"ci_BM_high":0.0543520357,"ci_FM_low":0.0503413817,"ci_FM_high":0.0503413817},"BGP_testbed_2":{"avg_prec":1.0,"avg_rec":0.7142857143,"avg_fscore":0.9206369445,"avg_TNR":1.0,"avg_NPV":0.9928192861,"avg_FNR":0.2857142857,"avg_FDR":0.0,"avg_FOR":0.0071807139,"avg_TS":0.7142857143,"avg_PT":0.0,"avg_FPR":0.0,"avg_ACC":0.9929370244,"avg_MCC":0.8391220756,"avg_MK":0.9928192861,"avg_BM":0.7142857143,"avg_FM":0.8420417225,"ci_prec_low":0.0,"ci_prec_high":0.0,"ci_rec_low":0.0858406233,"ci_rec_high":0.0858406233,"ci_fscore_low":0.0295845753,"ci_fscore_high":0.0295845753,"ci_TNR_low":0.0,"ci_TNR_high":0.0,"ci_NPV_low":0.0021326471,"ci_NPV_high":0.0021326471,"ci_FNR_low":0.0858406233,"ci_FNR_high":0.0858406233,"ci_FDR_low":0.0,"ci_FDR_high":0.0,"ci_FOR_low":0.0021326471,"ci_FOR_high":0.0021326471,"ci_TS_low":0.0858406233,"ci_TS_high":0.0858406233,"ci_PT_low":0.0,"ci_PT_high":0.0,"ci_FPR_low":0.0,"ci_FPR_high":0.0,"ci_ACC_low":0.0021104076,"ci_ACC_high":0.0021104076,"ci_MCC_low":0.0517747271,"ci_MCC_high":0.0517747271,"ci_MK_low":0.0021326471,"ci_MK_high":0.0021326471,"ci_BM_low":0.0858406233,"ci_BM_high":0.0858406233,"ci_FM_low":0.0510601336,"ci_FM_high":0.0510601336},"BGP_testbed_3":{"avg_prec":1.0,"avg_rec":0.6931818182,"avg_fscore":0.9075577201,"avg_TNR":1.0,"avg_NPV":0.9874565655,"avg_FNR":0.3068181818,"avg_FDR":0.0,"avg_FOR":0.0125434345,"avg_TS":0.6931818182,"avg_PT":0.0,"avg_FPR":0.0,"avg_ACC":0.9877562217,"avg_MCC":0.8213290082,"avg_MK":0.9874565655,"avg_BM":0.6931818182,"avg_FM":0.8261728586,"ci_prec_low":0.0,"ci_prec_high":0.0,"ci_rec_low":0.1209001954,"ci_rec_high":0.1209001954,"ci_fscore_low":0.043461086,"ci_fscore_high":0.043461086,"ci_TNR_low":0.0,"ci_TNR_high":0.0,"ci_NPV_low":0.0048896478,"ci_NPV_high":0.0048896478,"ci_FNR_low":0.1209001954,"ci_FNR_high":0.1209001954,"ci_FDR_low":0.0,"ci_FDR_high":0.0,"ci_FOR_low":0.0048896478,"ci_FOR_high":0.0048896478,"ci_TS_low":0.1209001954,"ci_TS_high":0.1209001954,"ci_PT_low":0.0,"ci_PT_high":0.0,"ci_FPR_low":0.0,"ci_FPR_high":0.0,"ci_ACC_low":0.0048074521,"ci_ACC_high":0.0048074521,"ci_MCC_low":0.0742214271,"ci_MCC_high":0.0742214271,"ci_MK_low":0.0048896478,"ci_MK_high":0.0048896478,"ci_BM_low":0.1209001954,"ci_BM_high":0.1209001954,"ci_FM_low":0.072612122,"ci_FM_high":0.072612122},"BGP_testbed_5":{"avg_prec":1.0,"avg_rec":0.5984848485,"avg_fscore":0.8739139648,"avg_TNR":1.0,"avg_NPV":0.9951029949,"avg_FNR":0.4015151515,"avg_FDR":0.0,"avg_FOR":0.0048970051,"avg_TS":0.5984848485,"avg_PT":0.0,"avg_FPR":0.0,"avg_ACC":0.9951363258,"avg_MCC":0.7677209258,"avg_MK":0.9951029949,"avg_BM":0.5984848485,"avg_FM":0.7695491989,"ci_prec_low":0.0,"ci_prec_high":0.0,"ci_rec_low":0.0860706325,"ci_rec_high":0.0860706325,"ci_fscore_low":0.038604656,"ci_fscore_high":0.038604656,"ci_TNR_low":0.0,"ci_TNR_high":0.0,"ci_NPV_low":0.001039955,"ci_NPV_high":0.001039955,"ci_FNR_low":0.0860706325,"ci_FNR_high":0.0860706325,"ci_FDR_low":0.0,"ci_FDR_high":0.0,"ci_FOR_low":0.001039955,"ci_FOR_high":0.001039955,"ci_TS_low":0.0860706325,"ci_TS_high":0.0860706325,"ci_PT_low":0.0,"ci_PT_high":0.0,"ci_FPR_low":0.0,"ci_FPR_high":0.0,"ci_ACC_low":0.0010372305,"ci_ACC_high":0.0010372305,"ci_MCC_low":0.0560982893,"ci_MCC_high":0.0560982893,"ci_MK_low":0.001039955,"ci_MK_high":0.001039955,"ci_BM_low":0.0860706325,"ci_BM_high":0.0860706325,"ci_FM_low":0.0558320155,"ci_FM_high":0.0558320155},"BGP_testbed_9":{"avg_prec":1.0,"avg_rec":0.3090909091,"avg_fscore":0.7119713982,"avg_TNR":1.0,"avg_NPV":0.9742981838,"avg_FNR":0.6909090909,"avg_FDR":0.0,"avg_FOR":0.0257018162,"avg_TS":0.3090909091,"avg_PT":0.0,"avg_FPR":0.0,"avg_ACC":0.9745292435,"avg_MCC":0.5909852433,"avg_MK":0.9767566037,"avg_BM":0.3090909091,"avg_FM":0.5975061615,"ci_prec_low":0.0,"ci_prec_high":0.0,"ci_rec_low":0.1515805853,"ci_rec_high":0.1515805853,"ci_fscore_low":0.0,"ci_fscore_high":0.0,"ci_TNR_low":0.0,"ci_TNR_high":0.0,"ci_NPV_low":0.0055033137,"ci_NPV_high":0.0055033137,"ci_FNR_low":0.1515805853,"ci_FNR_high":0.1515805853,"ci_FDR_low":0.0,"ci_FDR_high":0.0,"ci_FOR_low":0.0055033137,"ci_FOR_high":0.0055033137,"ci_TS_low":0.1515805853,"ci_TS_high":0.1515805853,"ci_PT_low":0.0,"ci_PT_high":0.0,"ci_FPR_low":0.0,"ci_FPR_high":0.0,"ci_ACC_low":0.005578618,"ci_ACC_high":0.005578618,"ci_MCC_low":0.0,"ci_MCC_high":0.0,"ci_MK_low":0.0,"ci_MK_high":0.0,"ci_BM_low":0.1515805853,"ci_BM_high":0.1515805853,"ci_FM_low":0.0,"ci_FM_high":0.0}}