{
  "precision": 1.0,
  "recall": 0.7037337662337663,
  "fscore": 0.9140973322687909,
  "TNR": 1.0,
  "NPV": 0.99013792580227,
  "FNR": 0.29626623376623373,
  "FDR": 0.0,
  "FOR": 0.009862074197730046,
  "TS": 0.7037337662337663,
  "PT": 0.0,
  "FPR": 0.0,
  "ACC": 0.990346623024637,
  "MCC": 0.8302255418707944,
  "MK": 0.99013792580227,
  "BM": 0.7037337662337663,
  "FM": 0.8341072905399156,
  "ci_precision": NaN,
  "ci_recall": 0.0676975390988821,
  "ci_fscore": 0.024127052723539655,
  "ci_TNR": NaN,
  "ci_NPV": 0.00271715343988832,
  "ci_FNR": 0.06769753909888213,
  "ci_FDR": NaN,
  "ci_FOR": 0.0027171534398883687,
  "ci_TS": 0.0676975390988821,
  "ci_PT": NaN,
  "ci_FPR": NaN,
  "ci_ACC": 0.0026644473423267367,
  "ci_MCC": 0.0414111070633556,
  "ci_MK": 0.00271715343988832,
  "ci_BM": 0.0676975390988821,
  "ci_FM": 0.040586846734603665
}