{
  "precision": 1.0,
  "recall": 0.251010101010101,
  "fscore": 0.6588194167851031,
  "TNR": 1.0,
  "NPV": 0.9796989528850285,
  "FNR": 0.748989898989899,
  "FDR": 0.0,
  "FOR": 0.020301047114971403,
  "TS": 0.251010101010101,
  "PT": 0.0,
  "FPR": 0.0,
  "ACC": 0.9798049223278373,
  "MCC": 0.537031792849106,
  "MK": 0.9827406951985489,
  "BM": 0.25101010101010096,
  "FM": 0.541415781853427,
  "ci_precision": NaN,
  "ci_recall": 0.06217423568368746,
  "ci_fscore": 0.0492896098588721,
  "ci_TNR": NaN,
  "ci_NPV": 0.0036922897934952292,
  "ci_FNR": 0.06217423568368752,
  "ci_FDR": NaN,
  "ci_FOR": 0.003692289793495191,
  "ci_TS": 0.06217423568368746,
  "ci_PT": NaN,
  "ci_FPR": NaN,
  "ci_ACC": 0.0036860000948675253,
  "ci_MCC": NaN,
  "ci_MK": 0.00347622218521082,
  "ci_BM": 0.06217423568368746,
  "ci_FM": NaN
}