{
  "precision": 0.7332182336719543,
  "recall": 0.3606060606060606,
  "fscore": 0.5855185937408482,
  "TNR": 0.9955023585991517,
  "NPV": 0.9821501179949139,
  "FNR": 0.6393939393939394,
  "FDR": 0.2667817663280458,
  "FOR": 0.017849882005086103,
  "TS": 0.29077572754043346,
  "PT": 0.06908931421073222,
  "FPR": 0.004497641400848438,
  "ACC": 0.9779539592878237,
  "MCC": 0.5162900713925955,
  "MK": 0.7176947660874937,
  "BM": 0.35610841920521213,
  "FM": 0.5241203582306533,
  "ci_precision": 0.08519887833544681,
  "ci_recall": 0.07464806385463718,
  "ci_fscore": 0.04967901427758836,
  "ci_TNR": 0.0030222514916476984,
  "ci_NPV": 0.003727267795264222,
  "ci_FNR": 0.07464806385463718,
  "ci_FDR": NaN,
  "ci_FOR": 0.003727267795264196,
  "ci_TS": 0.05581020363157588,
  "ci_PT": NaN,
  "ci_FPR": 0.003022251491647705,
  "ci_ACC": 0.004080321656651509,
  "ci_MCC": NaN,
  "ci_MK": 0.08346119964973331,
  "ci_BM": 0.07356616276850042,
  "ci_FM": NaN
}