{
  "precision": 0.901461038961039,
  "recall": 0.7150974025974026,
  "fscore": 0.8487760291757488,
  "TNR": 0.9969487665149868,
  "NPV": 0.9905499121292851,
  "FNR": 0.2849025974025974,
  "FDR": 0.09853896103896104,
  "FOR": 0.0094500878707148,
  "TS": 0.6673225764134856,
  "PT": 0.03778022995727149,
  "FPR": 0.0030512334850130384,
  "ACC": 0.9878421998537958,
  "MCC": 0.7924585660773396,
  "MK": 0.8920109510903241,
  "BM": 0.7120461691123897,
  "FM": 0.798089902350582,
  "ci_precision": 0.06305526446192633,
  "ci_recall": 0.06471358886929202,
  "ci_fscore": 0.05555679884882381,
  "ci_TNR": 0.0020008304987053638,
  "ci_NPV": 0.0025330889827298586,
  "ci_FNR": 0.06471358886929196,
  "ci_FDR": 0.06305526446192636,
  "ci_FOR": 0.002533088982729822,
  "ci_TS": 0.07348566927012012,
  "ci_PT": 0.0219960699038189,
  "ci_FPR": 0.002000830498705417,
  "ci_ACC": 0.003469622918125581,
  "ci_MCC": 0.05548942098933951,
  "ci_MK": 0.06369586450552756,
  "ci_BM": 0.06518884211593234,
  "ci_FM": 0.054028765189466865
}